收录日期,每日排名,评分,标题,链接,来源名称,原文内容,AI分类,AI理由,人工审核,发布顺序
2025-12-06,2,44.0,CCH AnswerConnect 如何帮助税务专业人士应对 OBBBA 加班工资免税条款,https://www.wolterskluwer.com/en/expert-insights/cch-answerconnect-and-the-no-taxes-on-overtime-pay-rule,Wolters Kluwer（专家法律见解）,"《一揽子美丽法案》（OBBBA）中的加班工资免税条款引起纳税人和企业的广泛关注。这项原本作为竞选承诺的政策在实施层面却面临诸多疑问，包括如何申报加班收入、是否存在例外情况以及收入限制等具体问题。**“纳税人会想知道如何报告加班工资才能享受这项免税优惠，”**沃尔特斯·克鲁维尔税务与会计北美公司高级技术产品经理乔治亚·史密斯表示。

税务专业人士面临双重挑战：既要准确理解法案细则，又要向客户清晰解释。传统的人工研究方式耗时且容易出错。CCH AnswerConnect 通过内置 AI 助手和专家支持的分析系统，能够快速提供准确答案，并帮助生成客户易懂的摘要和邮件。该工具采用对话式交互，用户可以通过连续提问深入理解复杂条款，如收入限制和薪资处理影响等具体问题。

未使用专业工具解读法案可能导致严重后果，包括误解例外条款、薪资合规漏洞以及研究时间浪费等问题。相比之下，CCH AnswerConnect 能即时提供权威解读，将原本需要数小时的研究**缩短至秒级**。调查显示，65％的税务领导者将咨询服务作为增长战略重点，而高效的研究工具为此提供了支持。**“因为 AI 助手是对话式的，你可以像与信任的同事交谈一样提出后续问题，”**史密斯解释道。这一功能使税务专业人士能够全面把握法案细节，同时保持与客户沟通的清晰度和一致性。随着 IRS 可能对规则做出进一步解释，持续更新的专业支持显得尤为重要。",强烈推荐,文章紧扣法律科技工具在税务合规中的应用，信息详实、时效性强，对法律与税务从业者具有高实用价值。,垃圾,
2025-12-06,6,31.0,律师事务所如何应对日益严峻的网络安全威胁,https://legaltechnology.com/2025/12/05/webinar-replay-security-and-compliance-preparing-for-the-inevitable/,Legal IT Insider,"律师事务所已成为网络犯罪分子的主要攻击目标，这使得运营韧性和监管合规性受到越来越严格的审查。在 Legal IT Insider 组织的网络研讨会上，Redcentric 网络安全主管 Tom Holloway 与行业专家探讨了法律行业必须如何为不可避免的网络威胁做好准备。

Holloway 拥有三年半的网络安全从业经验，曾任 Sungard Availability Services 首席业务韧性顾问。他分享了关于网络安全风险的最新情报，并提供了实用的应对策略。讨论内容涵盖即将出台的《网络安全与韧性法案》、Cyber Essentials 认证的必要性，以及法律行业面临的新兴风险。**""律师事务所正成为**主要攻击目标""，这一现状迫使法律行业必须重新审视其安全策略。研讨会上特别强调了当前法律事务所在加强韧性方面的首要任务，包括技术升级和员工培训等关键措施。完整的研讨会内容可通过在线视频回放获取，为法律行业从业者提供了宝贵的参考资源。

随着网络安全威胁的不断演变，法律行业需要持续关注监管变化和技术发展。Redcentric 等专业服务机构正积极与律师事务所合作，帮助其建立更强大的安全防护体系，以应对日益复杂的网络威胁环境。",推荐,紧扣法律科技中的网络安全议题，内容专业且具时效性，对法律从业者有较高参考价值。,垃圾,
2025-12-06,7,43.0,金杜律师事务所与中国政法大学达成战略合作,https://mp.weixin.qq.com/s/L25W2JBPVd2oMh4mOKVezA,金杜研究院,"11 月 27 日，金杜律师事务所与中国政法大学在中国政法大学昌平校区举行战略合作签约仪式。金杜全球主席王俊峰、中国政法大学党委书记姜泽廷等双方代表出席活动。

此次合作由刑事司法学院牵头，旨在深化刑事司法理论研究与实践的结合。**“金杜一直以来坚持服务全面依法治国和关注法治人才培养”**，王俊峰在仪式上表示。

合作内容包括打造学术与实务交流品牌、探索法治人才培养新模式等。姜泽廷强调，此次合作将落实党的二十届三中全会关于完善法学院校教育培养机制的部署。

双方前期已在人才培养、法学教育等方面建立良好合作基础，此次签约标志着关系进一步深化。

仪式上，金杜合伙人李晓琤、王风利受聘为刑民交叉研究中心兼职研究员，刘海涛等三人获聘实践导师。这种校企联合模式有助于促进司法理论与专业实践的融合，为国家法治建设输送更多高素质人才。**“加强校企合作，共育法治人才”**成为双方共识，体现了法律实务界与学术界的良性互动。",推荐,文章聚焦律所与高校在法治人才培养上的合作，体现法律科技与实务融合趋势，具有行业示范意义。,垃圾,
2025-12-06,8,54.0,建设工程规费的法律解析与实务建议,https://mp.weixin.qq.com/s/3UKedcetnEk6ZV2r3m2ifQ,金杜研究院,"建设工程规费作为不可竞争性费用，其计取标准直接影响工程造价。现行规定明确规费包含社会保险费、住房公积金和工程排污费，但 2018 年起工程排污费已被环境保护税取代。**""规费属于建筑安装工程费用，是工程造价的一部分，属于施工企业的投入""**，这一性质决定了其必须计入工程总价。

各地对环境保护税是否纳入规费存在明显分歧。深圳明确将其列入规费，而北京、淄博等地则排除在外。这种差异导致跨地区工程面临执行标准不统一的困境。

社会保险费和住房公积金的计算通常以定额人工费为基数，但**""在双方没有约定的情况下，应当以施工企业实际发生的费用计算较为合理""**，最高人民法院案例也支持合同约定优先原则。

环境保护税的缴纳主体存在地区差异，北京规定由建设单位申报，浙江则要求施工单位缴纳。这种差异增加了企业合规成本。

三个典型案例显示，法院普遍尊重合同约定，当约定不明时倾向于保护实际施工方权益。**""规费应属于实际施工人应得的工程款""**，这一裁判观点强化了规费的法定属性。

建议发包方与承包方在缔约时明确规费计取标准，包括具体项目、计算基数和费率。对于跨地区项目，需提前研究工程所在地的特殊规定。施工企业应完善社保缴纳凭证等证据留存机制，以便在结算争议中维护自身权益。规费问题虽属专业领域，但直接影响工程利润，值得各方充分重视。",一般,内容聚焦建设工程规费的法律实务，但法律科技相关性较弱，缺乏技术应用或创新视角。,垃圾,
2025-12-06,9,41.5,美国司法界的“火鸡”闹剧：法官与律师的荒唐行为,https://abovethelaw.com/2025/12/the-post-thanksgiving-turkey-trot-whos-the-biggest-turkey/,abovethelaw 科技板块 AI Legal Beat,"密苏里州圣查尔斯巡回法院一名法官因在庭审中佩戴猫王假发、播放猫王音乐并讨论政治，被司法委员会处以 **6 个月无薪停职**。**“他还在法官席上讨论政治”**，最终以 18 个月后永久结束法官生涯为条件达成和解。

阿拉巴马州劳德代尔县资深法官则面临更严重后果，陪审团认定其犯有 17 项罪名，包括利用职务之便谋取私利、向大陪审团作伪证等。近 **15 万美元公款**被用于度假和个人账户透支，法官却以“疫情期间账目混乱”辩解。**“这些资金被用于度假、个人开支和填补他的私人银行账户透支”**。

律师群体同样丑闻频出。阿拉巴马州律师莎拉·贝克被指控三次用芬太尼谋杀中风丈夫，虽未遂却严重违背职业誓言。与此同时，AI 法律文书幻觉问题引发关注，法国律师建立的数据库已收录 **600 多起案例**，详细记录错误内容与处罚结果。**“这些现代「义务警员」用文字而非枪支作为武器，专门追踪法庭文件中的 AI 谬误”**。

从法官渎职到律师犯罪，再到 AI 技术滥用，这些事件暴露出法律职业伦理与专业性的危机。当公开羞辱和数据库曝光都难以遏制乱象时，行业需要更有效的自律机制来重建公信力。",推荐,涉及法律职业伦理与AI法律文书幻觉，部分内容关联法律科技应用与监管。,垃圾,
2025-12-09,8,36.0,员工违纪行为确认书的撰写要点与模板解析,https://mp.weixin.qq.com/s/ZL695YuJBusOA6olD8qQ3Q,熊猫法律星球,"员工违纪行为确认书是企业处理违纪行为的关键文书，通过书面形式对员工违纪事实、行为性质及认知态度进行固定。**该文书具有三重功能价值：事实固定功能、警示告知功能和程序保障功能。**这三个维度共同构成了企业管理权的正当性基础，也为劳动者权利保障提供了可追溯的文本依据。

确认书的撰写需要遵循严格的规范。文首信息必须准确无误，包括员工姓名、身份证号、部门及岗位等基本信息。违纪行为描述应当清晰具体，注明时间、地点和事件经过，并准确引用公司规章制度的相关条款。**“事实清楚，描述具体，避免歧义”**是撰写时的核心原则。员工声明部分需确保员工明确承认违纪事实，并签名确认。

公司签署环节同样重要，必须确保盖章和授权代表签名齐全。审查时需核实签名人的身份及授权范围，避免无授权或授权过期的情况。**“确保程序合规”**是避免后续争议的关键。确认书不仅是惩戒记录，更是融合教育引导、风险防控和权益保障的复合型管理工具。

撰写违纪确认书需要综合法律知识、管理智慧和沟通艺术，既要确保法律效力，又要考虑对员工心理的影响。在劳动争议案件审理日益注重程序正义的背景下，一份要素齐全、表述精准的确认书往往成为认定用人单位处分决定合法性的关键证据。",一般,内容聚焦传统劳动法文书撰写，法律科技相关性较弱，缺乏技术或创新维度。,垃圾,
2025-12-09,9,50.0,招银金租完成 6 亿美元可持续发展挂钩飞机融资,https://mp.weixin.qq.com/s/IMRI5C6k0UK0Z4vyj6-8TQ,金杜研究院,"招银金融租赁有限公司近日完成一笔 **6 亿美元**可持续发展指标挂钩的飞机资产组合融资，由香港上海汇丰银行有限公司牵头七家贷款行共同参与。该资产组合包含多架空客与波音的窄体飞机，租赁给多家美国主要航空公司。

金杜律师事务所作为招银金租的英国法律顾问及牵头法律顾问，负责构建融资安排、审阅法律文件，并协调多个交易方推进项目。**“本交易不仅彰显了金杜处理复杂跨境融资项目的实力，也体现了我们支持客户战略决策的能力。”**项目负责人柯乐律师表示。该交易涉及多个司法管辖区，展现了跨境金融合作的复杂性。

柯乐律师拥有 15 年跨境融资经验，自 2017 年起被《钱伯斯亚太法律指南》评为航空金融领域领先律师。此次交易再次验证了金杜在航空金融领域的专业服务能力，为类似跨境融资项目提供了参考案例。",一般,内容聚焦跨境飞机融资交易，法律科技关联性较弱，更多体现传统法律服务而非科技创新。,垃圾,
2025-12-09,10,50.0,金杜律师事务所蝉联 ALB 华南华中地区多项法律大奖,https://mp.weixin.qq.com/s/b6xD6wuV6wAnAmVjjVQn5A,金杜研究院,"2025 年 12 月 5 日，《亚洲法律杂志》公布了 2025 年中国法律大奖华南华中地区获奖名单。金杜律师事务所凭借卓越表现，蝉联**年度华南华中地区律师事务所大奖**（非本地）和破产重组律师事务所大奖（非本地），同时获得海外业务及资本市场领域年度律师事务所称号。知识产权部合伙人张浩淼获年度知识产权律师大奖（非本地）。**“金杜华南团队始终以前瞻、务实的法律解决方案，为客户提供兼具国际视野与本土实践的专业支持”**，体现了其服务特色。

作为服务粤港澳大湾区的重要支点，金杜在广州、深圳、海口、三亚的办公室依托全球资源，提供外商投资、跨境投融资、资本市场等全方位法律服务。各办公室与香港、横琴联营所及大湾区国际中心协同合作，构建起覆盖大湾区、辐射全球的法律服务平台。**“该大奖旨在肯定和宣传在华南地区和华中地区法律服务市场实力雄厚、成绩斐然的顶尖律师事务所”**，反映了评选的权威性。

ALB 中国区域市场法律大奖聚焦华南华中 7 个省区，包括福建、广东、广西等地，旨在鼓励法律团队及从业者在该地区做出杰出贡献。金杜的持续获奖，不仅彰显了其专业能力，也体现了市场对其服务的高度认可。这些荣誉将进一步巩固金杜在区域法律服务市场的**领先地位**。",一般,内容聚焦律所获奖，法律科技相关性较弱，未涉及技术或服务模式创新。,垃圾,
2025-12-09,11,47.0,安徽天禾律师事务所及三名律师因执业违规被警示,https://mp.weixin.qq.com/s/_nMvqifS1f2lDFRsRGfl3g,红鲤鱼的江湖,"安徽证监局 11 月 28 日发布通报，安徽天禾律师事务所及洪雅娴、李洋、朱乐乐三名律师在为某公司资产重组项目提供法律服务时存在多项违规行为。主要问题包括对标的公司股权核查验证不充分，**""在未获取到相关个人流水的情况下，未采取其他方法核查出资款最终来源""**；查验程序不规范，未按要求制作查询笔录；对走访对象未签字确认的情况未充分披露风险。

证监局认定这些行为违反了证券法律业务执业规则，决定对该所及三名律师采取出具警示函的行政监管措施，并将此记录纳入证券期货市场诚信档案。这一处理体现了监管部门对中介机构执业质量的严格要求。

该事件反映出部分律师事务所在执行证券法律业务时存在核查程序不到位、风险揭示不充分等问题。作为资本市场的重要""看门人""，律师事务所的执业质量直接关系到市场秩序和投资者权益保护。此次监管措施既是对涉事机构的惩戒，也是对行业合规执业的警示。",一般,内容涉及律所执业违规，但侧重监管处罚而非法律科技应用或创新。,垃圾,
2025-12-09,13,41.0,田文昌分享刑辩全流程 17 大核心技巧,https://mp.weixin.qq.com/s/d-C0snhPVhuBbjjobnDsSA,智合,"刑事辩护是法律实务中专业性极强的领域，需要律师具备扎实的理论功底和丰富的实战经验。

京都律师事务所创始人田文昌结合多年办案心得，系统梳理了刑辩全流程的 17 个关键环节，为青年律师提供实务指导。**需要长时间的大量经验积累**，这是每一个青年法律人必经的过程，田文昌在给青年律师的信中强调经验积累的重要性。

刑事案件涉及会见、阅卷、调查取证、程序辩护等多个专业环节，尤其在认罪认罚制度下，律师需要对量刑情节认定标准有精准把握。田文昌特别指出，在控方讯问时要注意分析对方意图，而律师发问时则要避免暴露问话目的。

阅卷是刑辩工作的基础环节。面对动辄数百页的卷宗，田文昌建议**切忌先入为主**，要客观分析材料，从最坏处考虑。他提倡通过画图做表来理清案件线索，最终目标是利用证据说服法官。

在庭审质证环节，成功的质证能动摇指控事实根基，田文昌总结了成功质证的 5 大关键，包括如何应对证人的模糊表述等技巧。

这套课程涵盖接谈会见、调查取证、辩护思路形成、庭前准备、庭审实战等全流程内容，堪称刑辩实务的内功心法。作为曾主持制定《律师办理刑事案件规范》的专家，田文昌的分享对提升律师刑辩专业能力具有重要参考价值。",一般,内容聚焦传统刑辩技巧，缺乏法律科技、AI或技术创新元素，相关性较弱。,垃圾,
